{
  "senales": {
    "riesgo_macro": "Medio",
    "sesgo_mercado": "Mixto",
    "presion_inflacionaria": "Alcista",
    "presion_cop": "Neutral",
    "conviccion": 8
  },
  "scores_internos": {
    "riesgo_score": 1.5,
    "sesgo_risk_on": 1.0,
    "sesgo_risk_off": 2.0,
    "inflacion_score": 3.5,
    "cop_score": 0.7,
    "conviccion_razon": "7 indicador(es) con movimiento significativo"
  },
  "factores": {
    "riesgo": {
      "brent_up": 1.0,
      "gold_up": 0.5,
      "btc_weak": 0.3,
      "sp500_up": -0.3
    },
    "inflacion": {
      "brent_up": 3.0,
      "gold_up": 0.3,
      "silver_down": -0.3,
      "news_petroleo_alta": 0.5
    },
    "cop": {
      "dxy_mild": 0.5,
      "brent_mild_cop": -0.8,
      "news_colombia_alta": 1.0
    },
    "sesgo": {
      "btc": "Risk-off +1 (BTC -1.7%)",
      "sp500": "Risk-on +1 (SP500 +0.7%)",
      "gold": "Risk-off +0.5 (Oro +0.7%)",
      "news": "Risk-off +0.5 (noticias apetito_riesgo)"
    }
  },
  "pesos_noticias": {
    "inflacion": 1,
    "dolar": 3,
    "petroleo": 3,
    "cripto": 3,
    "colombia": 3,
    "apetito_riesgo": 3
  },
  "variaciones_mercado": {
    "aapl": 0.2124786682260483,
    "amzn": 1.3625717977542284,
    "brent": 2.2653,
    "btc": -1.6184,
    "btc_volume": 6.905670382853171,
    "copper": -0.8442967317160367,
    "dxy": 0.1745,
    "eurusd": -0.4272004358978313,
    "global_inflation_proxy": 0.0,
    "gold": 0.5568,
    "googl": 1.6667244074483507,
    "meta": 0.8074003702988811,
    "msft": 0.96676745696868,
    "nasdaq": 1.4635255157117582,
    "natgas": -0.2132969086017746,
    "nvda": 2.4567378129079898,
    "silver": -3.5728611223828968,
    "sp500": 0.7433295908440843,
    "tsla": 0.2452289053218746,
    "usdcop": 0.1011,
    "wti": 12.515168936486138
  },
  "variaciones_ajustadas": {
    "aapl": 0.2124786682260483,
    "amzn": 1.3625717977542284,
    "brent": 2.80874547,
    "btc": -1.735734,
    "btc_volume": 6.905670382853171,
    "copper": -0.8442967317160367,
    "dxy": 0.24983165,
    "eurusd": -0.4272004358978313,
    "global_inflation_proxy": 0.0,
    "gold": 0.6903763199999999,
    "googl": 1.6667244074483507,
    "meta": 0.8074003702988811,
    "msft": 0.96676745696868,
    "nasdaq": 1.4635255157117582,
    "natgas": -0.2132969086017746,
    "nvda": 2.4567378129079898,
    "silver": -3.5728611223828968,
    "sp500": 0.7433295908440843,
    "tsla": 0.2452289053218746,
    "usdcop": 0.14172198,
    "wti": 12.515168936486138
  },
  "multiplicadores_activos": {
    "brent": 1.2399,
    "btc": 1.0725,
    "dxy": 1.4317,
    "usdcop": 1.4018,
    "gold": 1.2399
  }
}