{
  "senales": {
    "riesgo_macro": "Medio",
    "sesgo_mercado": "Mixto",
    "presion_inflacionaria": "Alcista",
    "presion_cop": "Neutral",
    "conviccion": 8
  },
  "scores_internos": {
    "riesgo_score": 1.9,
    "sesgo_risk_on": 1.5,
    "sesgo_risk_off": 1.5,
    "inflacion_score": 4.7,
    "cop_score": 1.0,
    "conviccion_razon": "7 indicador(es) con movimiento significativo"
  },
  "factores": {
    "riesgo": {
      "brent_surge": 2.0,
      "gold_down": -0.5,
      "btc_weak": 0.3,
      "sp500_up": -0.3,
      "dxy_up": 0.4
    },
    "inflacion": {
      "brent_surge": 4.0,
      "gold_down": -0.5,
      "silver_down": -0.3,
      "news_inflacion_alta": 1.0,
      "news_petroleo_alta": 0.5
    },
    "cop": {
      "dxy_up": 1.5,
      "brent_cop_positive": -1.5,
      "news_colombia_alta": 1.0
    },
    "sesgo": {
      "sp500": "Risk-on +1 (SP500 +0.7%)",
      "gold": "Risk-on +0.5 (Oro -2.0%)",
      "dxy": "Risk-off +1 (DXY +0.7%)",
      "news": "Risk-off +0.5 (noticias apetito_riesgo)"
    }
  },
  "pesos_noticias": {
    "inflacion": 3,
    "dolar": 3,
    "petroleo": 3,
    "cripto": 3,
    "colombia": 3,
    "apetito_riesgo": 3
  },
  "variaciones_mercado": {
    "aapl": 0.2124786682260483,
    "amzn": 1.3625717977542284,
    "brent": 8.7238,
    "btc": -0.7574,
    "btc_volume": 6.905670382853171,
    "copper": -0.8442967317160367,
    "dxy": 0.4923,
    "eurusd": -0.4272004358978313,
    "global_inflation_proxy": 0.0,
    "gold": -1.6789,
    "googl": 1.6667244074483507,
    "meta": 0.8074003702988811,
    "msft": 0.96676745696868,
    "nasdaq": 1.4635255157117582,
    "natgas": -0.2132969086017746,
    "nvda": 2.4567378129079898,
    "silver": -3.5728611223828968,
    "sp500": 0.7433295908440843,
    "tsla": 0.2452289053218746,
    "usdcop": 0.048,
    "wti": 12.515168936486138
  },
  "variaciones_ajustadas": {
    "aapl": 0.2124786682260483,
    "amzn": 1.3625717977542284,
    "brent": 10.34468204,
    "btc": -0.82276362,
    "btc_volume": 6.905670382853171,
    "copper": -0.8442967317160367,
    "dxy": 0.68597082,
    "eurusd": -0.4272004358978313,
    "global_inflation_proxy": 0.0,
    "gold": -1.99083962,
    "googl": 1.6667244074483507,
    "meta": 0.8074003702988811,
    "msft": 0.96676745696868,
    "nasdaq": 1.4635255157117582,
    "natgas": -0.2132969086017746,
    "nvda": 2.4567378129079898,
    "silver": -3.5728611223828968,
    "sp500": 0.7433295908440843,
    "tsla": 0.2452289053218746,
    "usdcop": 0.06286080000000001,
    "wti": 12.515168936486138
  },
  "multiplicadores_activos": {
    "brent": 1.1858,
    "btc": 1.0863,
    "dxy": 1.3934,
    "usdcop": 1.3096,
    "gold": 1.1858
  }
}