{
  "senales": {
    "riesgo_macro": "Bajo",
    "sesgo_mercado": "Mixto",
    "presion_inflacionaria": "Bajista",
    "presion_cop": "Alcista USD/COP",
    "conviccion": 8
  },
  "scores_internos": {
    "riesgo_score": -0.3,
    "sesgo_risk_on": 1.0,
    "sesgo_risk_off": 0.5,
    "inflacion_score": -2.8,
    "cop_score": 2.5,
    "conviccion_razon": "6 indicador(es) con movimiento significativo"
  },
  "factores": {
    "riesgo": {
      "sp500_up": -0.3
    },
    "inflacion": {
      "brent_fall": -3.0,
      "silver_down": -0.3,
      "news_petroleo_alta": 0.5
    },
    "cop": {
      "brent_cop_negative": 1.5,
      "news_colombia_alta": 1.0
    },
    "sesgo": {
      "sp500": "Risk-on +1 (SP500 +0.7%)",
      "news": "Risk-off +0.5 (noticias apetito_riesgo)"
    }
  },
  "pesos_noticias": {
    "inflacion": 1,
    "dolar": 3,
    "petroleo": 3,
    "cripto": 3,
    "colombia": 3,
    "apetito_riesgo": 3
  },
  "variaciones_mercado": {
    "aapl": 0.2124786682260483,
    "amzn": 1.3625717977542284,
    "brent": -2.5583,
    "btc": 0.1395,
    "btc_volume": 6.905670382853171,
    "copper": -0.8442967317160367,
    "dxy": 0.0815,
    "eurusd": -0.4272004358978313,
    "global_inflation_proxy": 0.0,
    "gold": -0.1467,
    "googl": 1.6667244074483507,
    "meta": 0.8074003702988811,
    "msft": 0.96676745696868,
    "nasdaq": 1.4635255157117582,
    "natgas": -0.2132969086017746,
    "nvda": 2.4567378129079898,
    "silver": -3.5728611223828968,
    "sp500": 0.7433295908440843,
    "tsla": 0.2452289053218746,
    "usdcop": 0.0,
    "wti": 12.515168936486138
  },
  "variaciones_ajustadas": {
    "aapl": 0.2124786682260483,
    "amzn": 1.3625717977542284,
    "brent": -3.2623441599999996,
    "btc": 0.14961375000000002,
    "btc_volume": 6.905670382853171,
    "copper": -0.8442967317160367,
    "dxy": 0.11762895000000001,
    "eurusd": -0.4272004358978313,
    "global_inflation_proxy": 0.0,
    "gold": -0.18189333,
    "googl": 1.6667244074483507,
    "meta": 0.8074003702988811,
    "msft": 0.96676745696868,
    "nasdaq": 1.4635255157117582,
    "natgas": -0.2132969086017746,
    "nvda": 2.4567378129079898,
    "silver": -3.5728611223828968,
    "sp500": 0.7433295908440843,
    "tsla": 0.2452289053218746,
    "usdcop": 0.0,
    "wti": 12.515168936486138
  },
  "multiplicadores_activos": {
    "brent": 1.2752,
    "btc": 1.0725,
    "dxy": 1.4433,
    "usdcop": 1.4317,
    "gold": 1.2399
  }
}