{
  "senales": {
    "riesgo_macro": "Bajo",
    "sesgo_mercado": "Risk-on",
    "presion_inflacionaria": "Neutral",
    "presion_cop": "Neutral",
    "conviccion": 7
  },
  "scores_internos": {
    "riesgo_score": -0.6,
    "sesgo_risk_on": 2.0,
    "sesgo_risk_off": 0.5,
    "inflacion_score": -1.3,
    "cop_score": 1.0,
    "conviccion_razon": "5 indicador(es) con movimiento significativo"
  },
  "factores": {
    "riesgo": {
      "btc_up": -0.3,
      "sp500_up": -0.3
    },
    "inflacion": {
      "brent_weak": -1.5,
      "silver_down": -0.3,
      "news_petroleo_alta": 0.5
    },
    "cop": {
      "news_colombia_alta": 1.0
    },
    "sesgo": {
      "btc": "Risk-on +1 (BTC +1.0%)",
      "sp500": "Risk-on +1 (SP500 +0.7%)",
      "news": "Risk-off +0.5 (noticias apetito_riesgo)"
    }
  },
  "pesos_noticias": {
    "inflacion": 1,
    "dolar": 3,
    "petroleo": 3,
    "cripto": 3,
    "colombia": 3,
    "apetito_riesgo": 3
  },
  "variaciones_mercado": {
    "aapl": 0.2124786682260483,
    "amzn": 1.3625717977542284,
    "brent": -1.0872,
    "btc": 0.9468,
    "btc_volume": 6.905670382853171,
    "copper": -0.8442967317160367,
    "dxy": 0.0775,
    "eurusd": -0.4272004358978313,
    "global_inflation_proxy": 0.0,
    "gold": -0.3126,
    "googl": 1.6667244074483507,
    "meta": 0.8074003702988811,
    "msft": 0.96676745696868,
    "nasdaq": 1.4635255157117582,
    "natgas": -0.2132969086017746,
    "nvda": 2.4567378129079898,
    "silver": -3.5728611223828968,
    "sp500": 0.7433295908440843,
    "tsla": 0.2452289053218746,
    "usdcop": -0.0398,
    "wti": 12.515168936486138
  },
  "variaciones_ajustadas": {
    "aapl": 0.2124786682260483,
    "amzn": 1.3625717977542284,
    "brent": -1.30616208,
    "btc": 1.0154429999999999,
    "btc_volume": 6.905670382853171,
    "copper": -0.8442967317160367,
    "dxy": 0.10989499999999999,
    "eurusd": -0.4272004358978313,
    "global_inflation_proxy": 0.0,
    "gold": -0.38759274,
    "googl": 1.6667244074483507,
    "meta": 0.8074003702988811,
    "msft": 0.96676745696868,
    "nasdaq": 1.4635255157117582,
    "natgas": -0.2132969086017746,
    "nvda": 2.4567378129079898,
    "silver": -3.5728611223828968,
    "sp500": 0.7433295908440843,
    "tsla": 0.2452289053218746,
    "usdcop": -0.05579164,
    "wti": 12.515168936486138
  },
  "multiplicadores_activos": {
    "brent": 1.2014,
    "btc": 1.0725,
    "dxy": 1.418,
    "usdcop": 1.4018,
    "gold": 1.2399
  }
}