{
  "senales": {
    "riesgo_macro": "Bajo",
    "sesgo_mercado": "Risk-on",
    "presion_inflacionaria": "Alcista",
    "presion_cop": "Neutral",
    "conviccion": 8
  },
  "scores_internos": {
    "riesgo_score": -0.8,
    "sesgo_risk_on": 3.0,
    "sesgo_risk_off": 1.0,
    "inflacion_score": 2.0,
    "cop_score": 0.2,
    "conviccion_razon": "7 indicador(es) con movimiento significativo"
  },
  "factores": {
    "riesgo": {
      "gold_up": 0.5,
      "btc_rally": -1.0,
      "sp500_up": -0.3
    },
    "inflacion": {
      "brent_mild": 1.5,
      "gold_up": 0.3,
      "silver_down": -0.3,
      "news_petroleo_alta": 0.5
    },
    "cop": {
      "brent_mild_cop": -0.8,
      "news_colombia_alta": 1.0
    },
    "sesgo": {
      "btc": "Risk-on +2 (BTC +3.4%)",
      "sp500": "Risk-on +1 (SP500 +0.7%)",
      "gold": "Risk-off +0.5 (Oro +0.8%)",
      "news": "Risk-off +0.5 (noticias apetito_riesgo)"
    }
  },
  "pesos_noticias": {
    "inflacion": 1,
    "dolar": 3,
    "petroleo": 3,
    "cripto": 3,
    "colombia": 3,
    "apetito_riesgo": 3
  },
  "variaciones_mercado": {
    "aapl": 0.2124786682260483,
    "amzn": 1.3625717977542284,
    "brent": 1.4211,
    "btc": 3.0478,
    "btc_volume": 6.905670382853171,
    "copper": -0.8442967317160367,
    "dxy": -0.003,
    "eurusd": -0.4272004358978313,
    "global_inflation_proxy": 0.0,
    "gold": 0.6457,
    "googl": 1.6667244074483507,
    "meta": 0.8074003702988811,
    "msft": 0.96676745696868,
    "nasdaq": 1.4635255157117582,
    "natgas": -0.2132969086017746,
    "nvda": 2.4567378129079898,
    "silver": -3.5728611223828968,
    "sp500": 0.7433295908440843,
    "tsla": 0.2452289053218746,
    "usdcop": 0.1288,
    "wti": 12.515168936486138
  },
  "variaciones_ajustadas": {
    "aapl": 0.2124786682260483,
    "amzn": 1.3625717977542284,
    "brent": 1.76202189,
    "btc": 3.4043926,
    "btc_volume": 6.905670382853171,
    "copper": -0.8442967317160367,
    "dxy": -0.0043299,
    "eurusd": -0.4272004358978313,
    "global_inflation_proxy": 0.0,
    "gold": 0.8006034300000001,
    "googl": 1.6667244074483507,
    "meta": 0.8074003702988811,
    "msft": 0.96676745696868,
    "nasdaq": 1.4635255157117582,
    "natgas": -0.2132969086017746,
    "nvda": 2.4567378129079898,
    "silver": -3.5728611223828968,
    "sp500": 0.7433295908440843,
    "tsla": 0.2452289053218746,
    "usdcop": 0.18263839999999998,
    "wti": 12.515168936486138
  },
  "multiplicadores_activos": {
    "brent": 1.2399,
    "btc": 1.117,
    "dxy": 1.4433,
    "usdcop": 1.418,
    "gold": 1.2399
  }
}